,Date,High,Low,Open,Close,Volume,Adj Close,Returns
21,2020-02-03,174.5,170.39999389648438,170.42999267578125,174.3800048828125,30107000.0,171.75894165039062,0.024378835086513506
22,2020-02-04,180.63999938964844,176.30999755859375,177.13999938964844,180.1199951171875,36433300.0,177.41265869140625,0.03291658056745339
23,2020-02-05,184.1999969482422,178.41000366210938,184.02999877929688,179.89999389648438,39186300.0,177.1959686279297,-0.0012213900917491527
24,2020-02-06,183.82000732421875,180.05999755859375,180.97000122070312,183.6300048828125,27751400.0,180.86988830566406,0.020733652724621354
25,2020-02-07,185.6300048828125,182.47999572753906,182.85000610351562,183.88999938964844,33529100.0,181.12600708007812,0.0014160387713693101
26,2020-02-10,188.83999633789062,183.25,183.5800018310547,188.6999969482422,35844300.0,185.8636932373047,0.026156851981681273
27,2020-02-11,190.6999969482422,183.5,190.64999389648438,184.44000244140625,53159900.0,181.66773986816406,-0.022575433082476004
28,2020-02-12,185.85000610351562,181.85000610351562,185.5800018310547,184.7100067138672,47062900.0,181.93368530273438,0.0014639111752219325
29,2020-02-13,186.22999572753906,182.8699951171875,183.0800018310547,183.7100067138672,35295800.0,180.94871520996094,-0.00541389622891697
30,2020-02-14,185.41000366210938,182.64999389648438,183.25,185.35000610351562,23149500.0,182.56405639648438,0.00892706634943008
31,2020-02-18,187.6999969482422,185.5,185.61000061035156,187.22999572753906,27792200.0,184.4158172607422,0.010143074714752398
32,2020-02-19,188.17999267578125,186.47000122070312,188.05999755859375,187.27999877929688,29997500.0,184.9688720703125,0.002998955392141678
33,2020-02-20,187.25,181.10000610351562,186.9499969482422,184.4199981689453,36862400.0,182.14418029785156,-0.0152711736890907
34,2020-02-21,183.5,177.25,183.1699981689453,178.58999633789062,48572600.0,176.38612365722656,-0.03161263034157402
35,2020-02-24,174.5500030517578,163.22999572753906,167.77000427246094,170.88999938964844,68311100.0,168.78114318847656,-0.043115525819530154
36,2020-02-25,174.83999633789062,167.64999389648438,174.1999969482422,168.07000732421875,68073300.0,165.99595642089844,-0.016501765037033378
37,2020-02-26,173.25999450683594,168.2100067138672,169.7100067138672,170.1699981689453,56206100.0,168.0700225830078,0.0124946788272986
38,2020-02-27,167.02999877929688,157.97999572753906,163.32000732421875,158.17999267578125,93174900.0,156.2279815673828,-0.07045897200243645
39,2020-02-28,163.7100067138672,152.0,152.41000366210938,162.00999450683594,97012700.0,160.01072692871094,0.024212982356791146
40,2020-03-02,172.9199981689453,162.30999755859375,165.30999755859375,172.7899932861328,71030800.0,170.65769958496094,0.06653911809921031
41,2020-03-03,175.0,162.25999450683594,173.8000030517578,164.50999450683594,71677000.0,162.47987365722656,-0.047919466555700785
42,2020-03-04,170.6999969482422,165.6199951171875,168.49000549316406,170.5500030517578,49814400.0,168.4453582763672,0.036715221921735486
43,2020-03-05,170.8699951171875,165.69000244140625,166.0500030517578,166.27000427246094,47817300.0,164.21815490722656,-0.025095398367731114
44,2020-03-06,163.11000061035156,156.0,162.61000061035156,161.57000732421875,72821100.0,159.576171875,-0.028267173229713838
45,2020-03-09,157.75,150.0,151.0,150.6199951171875,70419300.0,148.76129150390625,-0.06777252671260536
46,2020-03-10,161.02999877929688,152.5800018310547,158.16000366210938,160.9199981689453,65354400.0,158.93417358398438,0.06838393225304173
47,2020-03-11,157.6999969482422,151.14999389648438,157.1300048828125,153.6300048828125,56371600.0,151.734130859375,-0.04530204274038463
48,2020-03-12,153.47000122070312,138.5800018310547,145.3000030517578,139.05999755859375,93226400.0,137.34393310546875,-0.09483823891437371
49,2020-03-13,161.91000366210938,140.72999572753906,147.5,158.8300018310547,92727400.0,156.86996459960938,0.14216886798447992
50,2020-03-16,149.35000610351562,135.0,140.0,135.4199981689453,87905900.0,133.74887084960938,-0.147390189122651
51,2020-03-17,147.5,135.0,140.0,146.57000732421875,81059800.0,144.76129150390625,0.0823365504646354
52,2020-03-18,146.0,135.02000427246094,138.0,140.39999389648438,81593200.0,138.6674041748047,-0.042096110540276066
53,2020-03-19,150.14999389648438,139.0,142.77000427246094,142.7100067138672,85922700.0,140.9488983154297,0.016452995238512846
54,2020-03-20,147.10000610351562,135.86000061035156,146.0,137.35000610351562,84866200.0,135.655029296875,-0.03755878252207079
55,2020-03-23,140.57000732421875,132.52000427246094,137.00999450683594,135.97999572753906,78975200.0,134.3019561767578,-0.009974367534550055
56,2020-03-24,149.60000610351562,141.27000427246094,143.75,148.33999633789062,82516700.0,146.50942993164062,0.09089572559029802
57,2020-03-25,154.3300018310547,144.44000244140625,148.91000366210938,146.9199981689453,75638200.0,145.10694885253906,-0.009572633514142725
58,2020-03-26,156.66000366210938,148.3699951171875,148.39999389648438,156.11000061035156,64568100.0,154.18353271484375,0.06255099382958229
59,2020-03-27,154.88999938964844,149.1999969482422,151.75,149.6999969482422,57042300.0,147.85263061523438,-0.04106081880558621
60,2020-03-30,160.60000610351562,150.00999450683594,152.44000244140625,160.22999572753906,63420300.0,158.252685546875,0.07034068239682045
61,2020-03-31,164.77999877929688,156.55999755859375,159.39999389648438,157.7100067138672,77927200.0,155.7637939453125,-0.015727326161711686
62,2020-04-01,157.75,150.82000732421875,153.0,152.11000061035156,57969900.0,150.23291015625,-0.035508147618722896
63,2020-04-02,155.47999572753906,150.36000061035156,151.86000061035156,155.25999450683594,49630700.0,153.3440399169922,0.02070870994581986
64,2020-04-03,157.3800048828125,152.19000244140625,155.10000610351562,153.8300018310547,41243300.0,151.93167114257812,-0.009210457577474851
65,2020-04-06,166.5,157.5800018310547,160.32000732421875,165.27000427246094,67111700.0,163.23052978515625,0.07436802713750756
66,2020-04-07,170.0,163.25999450683594,169.58999633789062,163.49000549316406,62769000.0,161.4724578857422,-0.010770484551683057
67,2020-04-08,166.6699981689453,163.5,165.6699981689453,165.1300048828125,48318200.0,163.0922393798828,0.010031317509805904
68,2020-04-09,167.3699951171875,163.3300018310547,166.36000061035156,165.13999938964844,51385100.0,163.1020965576172,6.043928130394782e-05
69,2020-04-13,165.57000732421875,162.3000030517578,164.35000610351562,165.50999450683594,41905300.0,163.46751403808594,0.0022404217246811964
70,2020-04-14,173.75,168.0,169.0,173.6999969482422,52874300.0,171.55645751953125,0.049483492356534375
71,2020-04-15,173.57000732421875,169.24000549316406,171.1999969482422,171.8800048828125,40940800.0,169.75892639160156,-0.01047778179801273
72,2020-04-16,177.27999877929688,172.89999389648438,174.3000030517578,177.0399932861328,50479600.0,174.85523986816406,0.030020886588351114
73,2020-04-17,180.0,175.8699951171875,179.5,178.60000610351562,52765600.0,176.39599609375,0.008811610259707559
74,2020-04-20,178.75,174.99000549316406,176.6300048828125,175.05999755859375,36669600.0,172.89967346191406,-0.01982087297479096
75,2020-04-21,173.6699981689453,166.11000061035156,173.5,167.82000732421875,56203700.0,165.74903869628906,-0.04135713285311737
76,2020-04-22,174.0,170.82000732421875,171.38999938964844,173.52000427246094,34620200.0,171.37869262695312,0.033964926583855304
77,2020-04-23,175.05999755859375,170.91000366210938,174.11000061035156,171.4199981689453,32790800.0,169.3046112060547,-0.012102329578468463
78,2020-04-24,174.55999755859375,170.7100067138672,172.05999755859375,174.5500030517578,34277600.0,172.39598083496094,0.01825921696334576
79,2020-04-27,176.89999389648438,173.3000030517578,176.58999633789062,174.0500030517578,33194400.0,171.9021453857422,-0.002864541544570609
80,2020-04-28,175.6699981689453,169.38999938964844,175.58999633789062,169.80999755859375,34392700.0,167.71446228027344,-0.02436085422943235
81,2020-04-29,177.67999267578125,171.8800048828125,173.22000122070312,177.42999267578125,51286600.0,175.24041748046875,0.04487362090228353
82,2020-04-30,180.39999389648438,176.22999572753906,180.0,179.2100067138672,53875900.0,176.9984893798828,0.010032342565093444
83,2020-05-01,178.63999938964844,174.00999450683594,175.8000030517578,174.57000732421875,39370500.0,172.41574096679688,-0.025891454944851122
84,2020-05-04,179.0,173.8000030517578,174.49000549316406,178.83999633789062,30372900.0,176.63304138183594,0.024460066067002684
85,2020-05-05,183.64999389648438,179.89999389648438,180.6199951171875,180.75999450683594,36839200.0,178.5293426513672,0.010735824139674666
86,2020-05-06,184.1999969482422,181.6300048828125,182.0800018310547,182.5399932861328,32139300.0,180.28738403320312,0.009847352573683299
87,2020-05-07,184.5500030517578,182.5800018310547,184.1699981689453,183.60000610351562,28316000.0,181.3343048095703,0.0058069552785477985
88,2020-05-08,185.0,183.36000061035156,184.97999572753906,184.67999267578125,30877800.0,182.40097045898438,0.005882315817375083
89,2020-05-11,187.50999450683594,182.85000610351562,183.14999389648438,186.74000549316406,30892700.0,184.43556213378906,0.011154500273134138
90,2020-05-12,187.0399932861328,182.3000030517578,186.8000030517578,182.50999450683594,32038200.0,180.2577362060547,-0.022651954316184386
91,2020-05-13,184.0500030517578,176.5399932861328,182.5500030517578,179.75,44711500.0,177.5318145751953,-0.015122355845761604
92,2020-05-14,180.69000244140625,175.67999267578125,177.5399932861328,180.52999877929688,41873900.0,178.30218505859375,0.0043393376293809904
93,2020-05-15,187.05999755859375,177.0,179.05999755859375,183.16000366210938,46610400.0,180.89974975585938,0.014568327900255529
94,2020-05-18,186.1999969482422,183.9600067138672,185.75,184.91000366210938,35264500.0,182.62814331054688,0.009554427560127143
95,2020-05-19,186.60000610351562,183.49000549316406,185.02999877929688,183.6300048828125,26799100.0,181.3639373779297,-0.006922295270053169
96,2020-05-20,185.85000610351562,183.94000244140625,184.80999755859375,185.66000366210938,31261300.0,183.87957763671875,0.01387067514721485
97,2020-05-21,186.6699981689453,183.2899932861328,185.39999389648438,183.42999267578125,29119500.0,181.6709442138672,-0.012011303545709895
98,2020-05-22,184.4600067138672,182.5399932861328,183.19000244140625,183.50999450683594,20826900.0,181.75018310546875,0.00043616711491445415
99,2020-05-26,186.5,181.10000610351562,186.33999633789062,181.57000732421875,36073600.0,179.82879638671875,-0.010571580649440304
100,2020-05-27,181.99000549316406,176.60000610351562,180.1999969482422,181.80999755859375,39517100.0,180.06649780273438,0.0013218206471474758
101,2020-05-28,184.14999389648438,180.3800048828125,180.74000549316406,181.39999389648438,33810200.0,179.66041564941406,-0.002255178827130777
102,2020-05-29,184.27000427246094,180.41000366210938,182.72999572753906,183.25,42130400.0,181.49269104003906,0.010198548099768834
103,2020-06-01,183.0,181.4600067138672,182.5399932861328,182.8300018310547,22622400.0,181.07672119140625,-0.0022919371917905496
104,2020-06-02,185.0,181.35000610351562,184.25,184.91000366210938,30794600.0,183.1367645263672,0.011376632630670347
105,2020-06-03,185.94000244140625,183.5800018310547,184.82000732421875,185.36000061035156,27311000.0,183.58245849609375,0.002433667379017068
106,2020-06-04,185.83999633789062,182.3000030517578,184.3000030517578,182.9199981689453,28761800.0,181.16586303710938,-0.013163542305627218
107,2020-06-05,187.72999572753906,182.00999450683594,182.6199951171875,187.1999969482422,39893600.0,185.40480041503906,0.02339810219688787
108,2020-06-08,188.5500030517578,184.44000244140625,185.94000244140625,188.36000061035156,33211600.0,186.55368041992188,0.006196603336650286
109,2020-06-09,190.6999969482422,187.25999450683594,188.0,189.8000030517578,29783900.0,187.97988891601562,0.007645030067932268
110,2020-06-10,198.52000427246094,191.00999450683594,191.1300048828125,196.83999633789062,43872300.0,194.95236206054688,0.03709159093953063
111,2020-06-11,195.75999450683594,186.07000732421875,193.1300048828125,186.27000427246094,52854700.0,184.48373413085938,-0.05369838979656083
112,2020-06-12,191.72000122070312,185.17999267578125,190.5399932861328,187.74000549316406,43373600.0,185.9396209716797,0.00789168133266216
113,2020-06-15,190.82000732421875,184.00999450683594,184.5800018310547,188.94000244140625,32770200.0,187.12811279296875,0.006391815875918638
114,2020-06-16,195.5800018310547,191.4600067138672,192.88999938964844,193.57000732421875,42556700.0,191.7137451171875,0.024505309521782648
115,2020-06-17,196.32000732421875,193.69000244140625,195.02999877929688,194.24000549316406,25687800.0,192.37728881835938,0.0034611169938090214
116,2020-06-18,196.49000549316406,194.0,194.0,196.32000732421875,23061600.0,194.43736267089844,0.01070850860406991
117,2020-06-19,199.2899932861328,194.3699951171875,198.58999633789062,195.14999389648438,44441100.0,193.278564453125,-0.005959750748804393
118,2020-06-22,200.75999450683594,195.22999572753906,195.7899932861328,200.57000732421875,32818900.0,198.6466064453125,0.027773602351487847
119,2020-06-23,203.9499969482422,201.42999267578125,202.08999633789062,201.91000366210938,30917400.0,199.97373962402344,0.006680875160463895
120,2020-06-24,203.25,196.55999755859375,201.60000610351562,197.83999633789062,36740600.0,195.94277954101562,-0.020157447125740302
121,2020-06-25,200.61000061035156,195.47000122070312,197.8000030517578,200.33999633789062,27803900.0,198.41879272460938,0.012636409411939775
122,2020-06-26,199.88999938964844,194.8800048828125,199.72999572753906,196.3300018310547,54675800.0,194.44723510742188,-0.020016035591445824
123,2020-06-29,198.52999877929688,193.5500030517578,195.77999877929688,198.44000244140625,26701600.0,196.53701782226562,0.010747299717011938
124,2020-06-30,204.39999389648438,197.74000549316406,197.8800048828125,203.50999450683594,34310300.0,201.5583953857422,0.025549271170978827
125,2020-07-01,206.35000610351562,201.77000427246094,203.13999938964844,204.6999969482422,32061200.0,202.7369842529297,0.005847381672849261
126,2020-07-02,208.02000427246094,205.0,205.67999267578125,206.25999450683594,29315800.0,204.28201293945312,0.007620852663941635
127,2020-07-06,211.1300048828125,208.08999633789062,208.8300018310547,210.6999969482422,31897600.0,208.679443359375,0.021526273197754353
128,2020-07-07,214.6699981689453,207.99000549316406,210.4499969482422,208.25,33600700.0,206.2529296875,-0.011627947788303228
129,2020-07-08,213.25999450683594,208.69000244140625,210.07000732421875,212.8300018310547,33600000.0,210.78903198242188,0.02199291084880417
130,2020-07-09,216.3800048828125,211.47000122070312,216.3300018310547,214.32000732421875,33121700.0,212.26473999023438,0.0070008766297458
131,2020-07-10,214.0800018310547,211.0800018310547,213.6199951171875,213.6699981689453,26177600.0,211.6209716796875,-0.003032855624426789
132,2020-07-13,215.8000030517578,206.5,214.47999572753906,207.07000732421875,38135600.0,205.08425903320312,-0.03088877531655243
133,2020-07-14,208.85000610351562,202.02999877929688,206.1300048828125,208.35000610351562,37591800.0,206.3519744873047,0.006181437132609657
134,2020-07-15,211.3300018310547,205.02999877929688,209.55999755859375,208.0399932861328,32179400.0,206.04493713378906,-0.0014879302913309855
135,2020-07-16,205.6999969482422,202.30999755859375,205.39999389648438,203.9199981689453,29940700.0,201.96446228027344,-0.019803810325444204
136,2020-07-17,205.0399932861328,201.38999938964844,204.47000122070312,202.8800048828125,31635300.0,200.9344482421875,-0.005099976631812386
137,2020-07-20,212.3000030517578,203.00999450683594,205.0,211.60000610351562,36884800.0,209.57083129882812,0.04298109722943644
138,2020-07-21,213.94000244140625,208.02999877929688,213.66000366210938,208.75,37990400.0,206.74815368652344,-0.013468847715166099
139,2020-07-22,212.3000030517578,208.38999938964844,209.1999969482422,211.75,49605700.0,209.7193603515625,0.014371140017743977
140,2020-07-23,210.9199981689453,202.14999389648438,207.19000244140625,202.5399932861328,67457000.0,200.59768676757812,-0.04349466624680376
141,2020-07-24,202.86000061035156,197.50999450683594,200.4199981689453,201.3000030517578,39827000.0,199.36959838867188,-0.006122146265471029
142,2020-07-27,203.97000122070312,200.86000061035156,201.47000122070312,203.85000610351562,30160900.0,201.8951416015625,0.012667644582234905
143,2020-07-28,204.6999969482422,201.74000549316406,203.61000061035156,202.02000427246094,23251400.0,200.08270263671875,-0.008977130160073732
144,2020-07-29,204.64999389648438,202.00999450683594,202.5,204.05999755859375,19632600.0,202.10311889648438,0.010097905681702102
145,2020-07-30,204.4600067138672,199.57000732421875,201.0,203.89999389648438,25079600.0,201.9446563720703,-0.0007840676842558736
146,2020-07-31,205.10000610351562,199.00999450683594,204.39999389648438,205.00999450683594,51044000.0,203.04400634765625,0.005443818100145492
147,2020-08-03,217.63999938964844,210.44000244140625,211.52000427246094,216.5399932861328,78983000.0,214.46343994140625,0.056241175492752093
148,2020-08-04,214.77000427246094,210.30999755859375,214.1699981689453,213.2899932861328,49280100.0,211.24459838867188,-0.01500881247458219
149,2020-08-05,215.0,211.57000732421875,214.89999389648438,212.94000244140625,28806400.0,210.89796447753906,-0.0016409125429803773
150,2020-08-06,216.3699951171875,211.5500030517578,212.33999633789062,216.35000610351562,32656800.0,214.2752685546875,0.01601392448483363
151,2020-08-07,215.6999969482422,210.92999267578125,214.85000610351562,212.47999572753906,27820400.0,210.44236755371094,-0.017887743307148485
152,2020-08-10,211.8800048828125,206.35000610351562,211.6699981689453,208.25,36716500.0,206.2529296875,-0.0199077681690768
153,2020-08-11,207.64999389648438,203.13999938964844,207.16000366210938,203.3800048828125,36446500.0,201.42965698242188,-0.023385232454084415
154,2020-08-12,210.27999877929688,204.75,205.2899932861328,209.19000244140625,28013100.0,207.18394470214844,0.028567231885961553
155,2020-08-13,211.35000610351562,208.14999389648438,209.44000244140625,208.6999969482422,22588900.0,206.69862365722656,-0.002342464545790901
156,2020-08-14,209.58999633789062,207.50999450683594,208.75999450683594,208.89999389648438,17958900.0,206.89669799804688,0.0009582760509754262
157,2020-08-17,211.19000244140625,208.9199981689453,209.60000610351562,210.27999877929688,20184800.0,208.26348876953125,0.006606150725021687
158,2020-08-18,212.36000061035156,209.2100067138672,210.52999877929688,211.49000549316406,21336200.0,209.46188354492188,0.00575422404796444
159,2020-08-19,212.10000610351562,209.25,211.49000549316406,209.6999969482422,27627600.0,208.1910858154297,-0.006066964108148332
160,2020-08-20,215.0,208.91000366210938,209.5399932861328,214.5800018310547,26981500.0,213.0359649658203,0.023271309294605524
161,2020-08-21,216.25,212.85000610351562,213.86000061035156,213.02000427246094,36249300.0,211.48719787597656,-0.007269979461412723
162,2020-08-24,215.52000427246094,212.42999267578125,214.7899932861328,213.69000244140625,25460100.0,212.15237426757812,0.0031452324220193617
163,2020-08-25,216.61000061035156,213.10000610351562,213.10000610351562,216.47000122070312,23043700.0,214.91238403320312,0.013009563410042002
164,2020-08-26,222.08999633789062,217.36000061035156,217.8800048828125,221.14999389648438,39600800.0,219.55870056152344,0.021619584879773557
165,2020-08-27,231.14999389648438,219.39999389648438,222.88999938964844,226.5800018310547,57602200.0,224.9496307373047,0.024553480057924792
166,2020-08-28,230.63999938964844,226.5800018310547,228.17999267578125,228.91000366210938,26292900.0,227.2628631591797,0.010283335048353104
167,2020-08-31,228.6999969482422,224.30999755859375,227.0,225.52999877929688,28774200.0,223.90716552734375,-0.014765710442913527
168,2020-09-01,227.4499969482422,224.42999267578125,225.50999450683594,227.27000427246094,25725500.0,225.63467407226562,0.007715289239865308
169,2020-09-02,232.86000061035156,227.35000610351562,227.97000122070312,231.64999389648438,34080800.0,229.98313903808594,0.01927214859019233
170,2020-09-03,229.30999755859375,214.9600067138672,229.27000427246094,217.3000030517578,58400300.0,215.73641967773438,-0.06194679931728497
171,2020-09-04,218.36000061035156,205.19000244140625,215.10000610351562,214.25,59664100.0,212.70835876464844,-0.01403592827585265
172,2020-09-08,210.02999877929688,202.1999969482422,206.5,202.66000366210938,52924300.0,201.2017364501953,-0.054095769349547074
173,2020-09-09,214.83999633789062,206.6999969482422,207.60000610351562,211.2899932861328,45679000.0,209.76963806152344,0.04258363651572661
174,2020-09-10,214.74000549316406,204.11000061035156,213.39999389648438,205.3699951171875,35461500.0,203.89222717285156,-0.028018406014258757
175,2020-09-11,208.6300048828125,201.24000549316406,207.1999969482422,204.02999877929688,33620100.0,202.5618896484375,-0.006524709366611869
176,2020-09-14,209.1999969482422,204.02999877929688,204.24000549316406,205.41000366210938,30375800.0,203.93194580078125,0.006763642236560896
177,2020-09-15,209.77999877929688,206.92999267578125,208.4199981689453,208.77999877929688,21823900.0,207.2777099609375,0.016406277824783322
178,2020-09-16,210.64999389648438,204.63999938964844,210.6199951171875,205.0500030517578,26328100.0,203.5745391845703,-0.017865745318515258
179,2020-09-17,204.3300018310547,199.9600067138672,200.0500030517578,202.91000366210938,34011300.0,201.449951171875,-0.01043641322340938
180,2020-09-18,203.64999389648438,196.25,202.8000030517578,200.38999938964844,55225300.0,198.9480743408203,-0.012419346922154961
181,2020-09-21,202.7100067138672,196.3800048828125,197.19000244140625,202.5399932861328,39839700.0,201.0825958251953,0.0107290381746461
182,2020-09-22,208.10000610351562,202.0800018310547,205.05999755859375,207.4199981689453,33517100.0,205.92747497558594,0.024093975565157244
183,2020-09-23,208.10000610351562,200.02999877929688,207.89999389648438,200.58999633789062,30803800.0,199.14663696289062,-0.03292828221925814
184,2020-09-24,205.57000732421875,199.1999969482422,199.85000610351562,203.19000244140625,31202500.0,201.72792053222656,0.012961723123734892
185,2020-09-25,209.0399932861328,202.5399932861328,203.5500030517578,207.82000732421875,29437300.0,206.32461547851562,0.022786607496678712
186,2020-09-28,212.57000732421875,208.05999755859375,210.8800048828125,209.44000244140625,32004900.0,207.93295288085938,0.007795179448722767
187,2020-09-29,210.07000732421875,206.80999755859375,209.35000610351562,207.25999450683594,24221900.0,205.7686309814453,-0.010408748923284694
188,2020-09-30,211.97999572753906,206.5399932861328,207.72999572753906,210.3300018310547,33829100.0,208.81654357910156,0.014812328697133115
189,2020-10-01,213.99000549316406,211.32000732421875,213.49000549316406,212.4600067138672,27158400.0,210.9312286376953,0.010126999625356348
190,2020-10-02,210.99000549316406,205.5399932861328,208.0,206.19000244140625,33154800.0,204.70635986328125,-0.02951136640419505
191,2020-10-05,210.41000366210938,206.97999572753906,207.22000122070312,210.3800048828125,21331600.0,208.8662109375,0.02032106416721513
192,2020-10-06,210.17999267578125,204.82000732421875,208.82000732421875,205.91000366210938,28554300.0,204.42835998535156,-0.021247337863932403
193,2020-10-07,210.11000061035156,206.72000122070312,207.05999755859375,209.8300018310547,25681100.0,208.3201446533203,0.019037401015434607
194,2020-10-08,211.19000244140625,208.32000732421875,210.50999450683594,210.5800018310547,19925800.0,209.0647735595703,0.0035744450326165023
195,2020-10-09,215.86000061035156,211.22999572753906,211.22999572753906,215.80999755859375,26458000.0,214.2571258544922,0.024836093649427626
196,2020-10-12,223.86000061035156,216.80999755859375,218.7899932861328,221.39999389648438,40461400.0,219.806884765625,0.025902330617940894
197,2020-10-13,225.2100067138672,220.42999267578125,222.72000122070312,222.86000061035156,28950800.0,221.25637817382812,0.006594394937850412
198,2020-10-14,224.22000122070312,219.1300048828125,223.0,220.86000061035156,23421700.0,219.27078247070312,-0.008974185148981517
199,2020-10-15,220.36000061035156,216.00999450683594,217.10000610351562,219.66000366210938,22733100.0,218.0794219970703,-0.005433284180449305
200,2020-10-16,222.2899932861328,219.32000732421875,220.14999389648438,219.66000366210938,26057900.0,218.0794219970703,0.0
201,2020-10-19,222.3000030517578,213.72000122070312,220.4199981689453,214.22000122070312,27625800.0,212.67855834960938,-0.024765581263937353
202,2020-10-20,217.3699951171875,213.08999633789062,215.8000030517578,214.64999389648438,22753500.0,213.10546875,0.0020073034334229245
203,2020-10-21,216.9199981689453,213.1199951171875,213.1199951171875,214.8000030517578,22724900.0,213.25439453125,0.0006988360370268065
204,2020-10-22,216.05999755859375,211.6999969482422,213.92999267578125,214.88999938964844,22351500.0,213.34375,0.0004190088037641093
205,2020-10-23,216.27999877929688,213.16000366210938,215.02999877929688,216.22999572753906,18879600.0,214.67410278320312,0.006235724192544367
206,2020-10-26,216.33999633789062,208.10000610351562,213.85000610351562,210.0800018310547,37111600.0,208.568359375,-0.028441918839037794
207,2020-10-27,214.6699981689453,210.3300018310547,211.58999633789062,213.25,36700300.0,211.71554565429688,0.015089471330779869
208,2020-10-28,208.83999633789062,202.10000610351562,207.6699981689453,202.67999267578125,51195600.0,201.22158813476562,-0.04956630599373402
209,2020-10-29,207.36000061035156,203.3699951171875,204.07000732421875,204.72000122070312,31432600.0,203.24691772460938,0.01006517048502431
210,2020-10-30,204.2899932861328,199.6199951171875,203.5,202.47000122070312,36953700.0,201.01312255859375,-0.010990548791703247
211,2020-11-02,205.27999877929688,200.1199951171875,204.2899932861328,202.3300018310547,30842200.0,200.87411499023438,-0.000691534794296067
212,2020-11-03,208.1199951171875,203.1199951171875,203.88999938964844,206.42999267578125,27512000.0,204.94461059570312,0.020263913076439044
213,2020-11-04,218.32000732421875,212.4199981689453,214.02000427246094,216.38999938964844,42311800.0,214.83294677734375,0.048248822708236494
214,2020-11-05,224.1199951171875,221.14999389648438,222.0399932861328,223.2899932861328,36080100.0,221.6833038330078,0.031886901699318404
215,2020-11-06,224.36000061035156,218.02999877929688,222.25999450683594,223.72000122070312,25231900.0,222.11021423339844,0.00192576704248415
216,2020-11-09,228.1199951171875,217.8800048828125,224.44000244140625,218.38999938964844,44395000.0,216.81854248046875,-0.02382453130844797
217,2020-11-10,216.5,209.72000122070312,214.5,211.00999450683594,44045100.0,209.4916534423828,-0.033792723418689885
218,2020-11-11,218.0399932861328,212.1999969482422,212.38999938964844,216.5500030517578,29440800.0,214.99180603027344,0.02625475763598062
219,2020-11-12,219.11000061035156,214.4600067138672,217.2100067138672,215.44000244140625,21593900.0,213.88978576660156,-0.0051258709995519736
220,2020-11-13,217.4199981689453,214.16000366210938,216.36000061035156,216.50999450683594,18621100.0,214.95208740234375,0.004966584224369575
221,2020-11-16,217.74000549316406,214.52000427246094,214.8699951171875,217.22999572753906,24953300.0,215.66690063476562,0.003325453783958432
222,2020-11-17,217.67999267578125,214.0800018310547,216.10000610351562,214.4600067138672,24154100.0,212.91683959960938,-0.012751428369685347
223,2020-11-18,215.1699981689453,210.92999267578125,213.64999389648438,211.0800018310547,28372800.0,210.10980224609375,-0.013183726373143023
224,2020-11-19,213.02999877929688,209.92999267578125,211.3800048828125,212.4199981689453,24792700.0,211.4436492919922,0.006348333260226324
225,2020-11-20,213.2899932861328,210.0,212.1999969482422,210.38999938964844,22843100.0,209.4229736328125,-0.009556568220165595
226,2020-11-23,212.2899932861328,208.16000366210938,210.9499969482422,210.11000061035156,25683500.0,209.14425659179688,-0.0013308809257207566
227,2020-11-24,214.25,208.86000061035156,209.58999633789062,213.86000061035156,33979700.0,212.87701416015625,0.01784776512244801
228,2020-11-25,215.2899932861328,212.4600067138672,215.11000061035156,213.8699951171875,21012900.0,212.88697814941406,4.680631817910452e-05
229,2020-11-27,216.27000427246094,214.0399932861328,214.85000610351562,215.22999572753906,14512200.0,214.24070739746094,0.006358910534662865
230,2020-11-30,214.75999450683594,210.83999633789062,214.10000610351562,214.07000732421875,33064800.0,213.08607482910156,-0.005389417269880847
231,2020-12-01,217.32000732421875,213.35000610351562,214.50999450683594,216.2100067138672,30904500.0,215.2162322998047,0.009996699561017897
232,2020-12-02,215.47000122070312,212.8000030517578,214.8800048828125,215.3699951171875,23724500.0,214.38006591796875,-0.003885238454835127
233,2020-12-03,216.3800048828125,213.64999389648438,214.61000061035156,214.24000549316406,25120900.0,213.25527954101562,-0.005246692933584263
234,2020-12-04,215.3800048828125,213.17999267578125,214.22000122070312,214.36000061035156,24666000.0,213.37472534179688,0.0005601071215601827
235,2020-12-07,215.5399932861328,212.99000549316406,214.3699951171875,214.2899932861328,24620000.0,213.30503845214844,-0.0003265939278273011
236,2020-12-08,216.9499969482422,212.88999938964844,213.97000122070312,216.00999450683594,23284100.0,215.0171356201172,0.008026520050312014
237,2020-12-09,215.22999572753906,211.2100067138672,215.16000366210938,211.8000030517578,32440600.0,210.8264923095703,-0.01948981088628543
238,2020-12-10,213.0800018310547,210.36000061035156,211.77000427246094,210.52000427246094,26733300.0,209.55238342285156,-0.00604340029927497
239,2020-12-11,213.32000732421875,209.11000061035156,210.0500030517578,213.25999450683594,30979400.0,212.27976989746094,0.01301529684396785
240,2020-12-14,216.2100067138672,212.8800048828125,213.10000610351562,214.1999969482422,28798400.0,213.2154541015625,0.004407787913815575
241,2020-12-15,215.4199981689453,212.24000549316406,215.1699981689453,214.1300048828125,27000600.0,213.1457977294922,-0.00032669476217761506
242,2020-12-16,220.11000061035156,214.72000122070312,214.75,219.27999877929688,35023300.0,218.27210998535156,0.02405073105107758
243,2020-12-17,220.88999938964844,217.9199981689453,219.8699951171875,219.4199981689453,32515800.0,218.41146850585938,0.0006384623327146954
244,2020-12-18,219.69000244140625,216.02000427246094,218.58999633789062,218.58999633789062,63354900.0,217.5852813720703,-0.0037827094860950483
245,2020-12-21,224.0,217.27999877929688,217.5500030517578,222.58999633789062,37181900.0,221.56689453125,0.018299092356210966
246,2020-12-22,225.6300048828125,221.85000610351562,222.69000244140625,223.94000244140625,22612200.0,222.9106903076172,0.006064966425648244
247,2020-12-23,223.55999755859375,220.8000030517578,223.11000061035156,221.02000427246094,18699600.0,220.0041046142578,-0.013039238671542774
248,2020-12-24,223.61000061035156,221.1999969482422,221.4199981689453,222.75,10550600.0,221.72616577148438,0.007827404676135075
249,2020-12-28,226.02999877929688,223.02000427246094,224.4499969482422,224.9600067138672,17933500.0,223.92599487304688,0.009921377993022729
250,2020-12-29,227.17999267578125,223.5800018310547,226.30999755859375,224.14999389648438,17403200.0,223.11972045898438,-0.00360062892438906
251,2020-12-30,225.6300048828125,221.47000122070312,225.22999572753906,221.67999267578125,20272300.0,220.66107177734375,-0.011019414494527369
252,2020-12-31,223.0,219.67999267578125,221.6999969482422,222.4199981689453,20942100.0,221.39767456054688,0.0033381637153759858
253,2021-01-04,223.0,214.80999755859375,222.52999877929688,217.69000244140625,37130100.0,216.68942260742188,-0.021266040677574538
254,2021-01-05,218.52000427246094,215.6999969482422,217.25999450683594,217.89999389648438,23823000.0,216.8984375,0.0009645828119482225
255,2021-01-06,216.49000549316406,211.94000244140625,212.1699981689453,212.25,35930700.0,211.2744140625,-0.025929294384612667
256,2021-01-07,219.33999633789062,213.7100067138672,214.0399932861328,218.2899932861328,27694500.0,217.28665161132812,0.02845700732626133
257,2021-01-08,220.5800018310547,217.02999877929688,218.67999267578125,219.6199951171875,22956200.0,218.6105499267578,0.006092865372134382
258,2021-01-11,218.91000366210938,216.72999572753906,218.47000122070312,217.49000549316406,23031300.0,216.49034118652344,-0.009698565512710755
259,2021-01-12,217.10000610351562,213.32000732421875,216.5,214.92999267578125,23249300.0,213.9420928955078,-0.01177072509124144
260,2021-01-13,216.75999450683594,213.92999267578125,214.02000427246094,216.33999633789062,20087100.0,215.3456268310547,0.0065603449819122694
261,2021-01-14,217.4600067138672,212.74000549316406,215.91000366210938,213.02000427246094,29480800.0,212.04087829589844,-0.015346253294239998
262,2021-01-15,214.50999450683594,212.02999877929688,213.52000427246094,212.64999389648438,31746500.0,211.67257690429688,-0.001736935795406458
263,2021-01-19,216.97999572753906,212.6300048828125,213.75,216.44000244140625,30480900.0,215.44517517089844,0.017822801242256547
264,2021-01-20,225.7899932861328,217.2899932861328,217.6999969482422,224.33999633789062,37777300.0,223.30885314941406,0.03649967084330341
265,2021-01-21,226.3000030517578,222.4199981689453,224.6999969482422,224.97000122070312,30709400.0,223.9359588623047,0.002808243847238101
266,2021-01-22,230.07000732421875,225.8000030517578,227.0800018310547,225.9499969482422,30172700.0,224.9114532470703,0.004356131055153423
267,2021-01-25,229.77999877929688,224.22000122070312,229.1199951171875,229.52999877929688,33152100.0,228.47499084472656,0.01584418021496492
268,2021-01-26,234.17999267578125,230.0800018310547,231.86000061035156,232.3300018310547,49169600.0,231.2621307373047,0.012198883922802217
269,2021-01-27,240.44000244140625,230.13999938964844,238.0,232.89999389648438,69870600.0,231.8295135498047,0.0024534185977231893
270,2021-01-28,242.63999938964844,235.08999633789062,235.61000061035156,238.92999267578125,49111200.0,237.831787109375,0.025890894854855517
271,2021-01-29,238.02000427246094,231.35000610351562,235.99000549316406,231.9600067138672,42503100.0,230.8938446044922,-0.02917163676566148
272,2021-02-01,242.5,232.42999267578125,235.05999755859375,239.64999389648438,33314200.0,238.54847717285156,0.03315217251231317
273,2021-02-02,242.30999755859375,238.69000244140625,241.3000030517578,239.50999450683594,25916300.0,238.40911865234375,-0.0005841937125712349
274,2021-02-03,245.08999633789062,239.25999450683594,239.57000732421875,243.0,27158100.0,241.88308715820312,0.01457145819546124
275,2021-02-04,243.24000549316406,240.3699951171875,242.66000366210938,242.00999450683594,25296100.0,240.8976287841797,-0.004074110288574628
276,2021-02-05,243.27999877929688,240.4199981689453,242.22999572753906,242.1999969482422,18054800.0,241.08676147460938,0.0007851164471159855
277,2021-02-08,243.67999267578125,240.80999755859375,243.14999389648438,242.47000122070312,22211900.0,241.35552978515625,0.0011148198636166118
278,2021-02-09,244.75999450683594,241.3800048828125,241.8699951171875,243.77000427246094,23565000.0,242.6495361328125,0.0053614116436782044
279,2021-02-10,245.9199981689453,240.88999938964844,245.0,242.82000732421875,22186700.0,241.70391845703125,-0.0038970512404510327
280,2021-02-11,245.14999389648438,242.14999389648438,244.77999877929688,244.49000549316406,15751100.0,243.36624145507812,0.0068775177856390535
281,2021-02-12,245.3000030517578,242.72999572753906,243.92999267578125,244.99000549316406,16561100.0,243.8639373779297,0.002045049140241728
282,2021-02-16,246.1300048828125,242.9199981689453,245.02999877929688,243.6999969482422,26728500.0,242.57986450195312,-0.005265529990957862
283,2021-02-17,244.30999755859375,240.94000244140625,241.32000732421875,244.1999969482422,21653500.0,243.63742065429688,0.004359620508961326
284,2021-02-18,243.92999267578125,240.86000061035156,241.8000030517578,243.7899932861328,16925600.0,243.2283477783203,-0.0016790231766449226
285,2021-02-19,243.86000061035156,240.17999267578125,243.75,240.97000122070312,25262600.0,240.41485595703125,-0.01156728583237876
286,2021-02-22,237.92999267578125,232.39999389648438,237.4199981689453,234.50999450683594,36446900.0,233.96974182128906,-0.0268083022993143
287,2021-02-23,234.8300018310547,228.72999572753906,230.3300018310547,233.27000427246094,30228700.0,232.73260498046875,-0.005287593306681826
288,2021-02-24,235.1999969482422,229.0,230.00999450683594,234.5500030517578,26339700.0,234.00965881347656,0.005487214965496534
289,2021-02-25,234.58999633789062,227.8800048828125,232.0800018310547,228.99000549316406,39542200.0,228.46246337890625,-0.02370498492539508
290,2021-02-26,235.3699951171875,229.5399932861328,231.52999877929688,232.3800048828125,37819200.0,231.8446502685547,0.014804125104958876
291,2021-03-01,237.47000122070312,233.14999389648438,235.89999389648438,236.94000244140625,25324000.0,236.39414978027344,0.019623051497840827
292,2021-03-02,237.3000030517578,233.4499969482422,237.00999450683594,233.8699951171875,22812500.0,233.33120727539062,-0.012956930227460361
293,2021-03-03,233.5800018310547,227.25999450683594,232.16000366210938,227.55999755859375,34029500.0,227.03575134277344,-0.026980771265572412
294,2021-03-04,232.49000549316406,224.25999450683594,226.74000549316406,226.72999572753906,44727800.0,226.20765686035156,-0.003647418864756835
295,2021-03-05,233.27000427246094,226.4600067138672,229.52000427246094,231.60000610351562,41872800.0,231.0664520263672,0.02147935765505582
296,2021-03-08,233.3699951171875,227.1300048828125,231.3699951171875,227.38999938964844,35267400.0,226.86614990234375,-0.018177896822270556
297,2021-03-09,235.3800048828125,231.6699981689453,232.8800048828125,233.77999877929688,33080500.0,233.24142456054688,0.02810148037046245
298,2021-03-10,237.0,232.0399932861328,237.0,232.4199981689453,29746800.0,231.88455200195312,-0.005817459574988693
299,2021-03-11,239.1699981689453,234.30999755859375,234.9600067138672,237.1300048828125,29907600.0,236.58370971679688,0.020265074470351863
300,2021-03-12,235.82000732421875,233.22999572753906,234.00999450683594,235.75,22653700.0,235.20687866210938,-0.005819635918025146
301,2021-03-15,235.19000244140625,231.80999755859375,234.9600067138672,234.80999755859375,26034900.0,234.26904296875,-0.0039872800433981
302,2021-03-16,240.05999755859375,235.94000244140625,236.27999877929688,237.7100067138672,28092200.0,237.16236877441406,0.012350440199006663
303,2021-03-17,238.5500030517578,233.22999572753906,236.14999389648438,237.0399932861328,29562100.0,236.49391174316406,-0.00281856280448034
304,2021-03-18,234.19000244140625,230.3300018310547,232.55999755859375,230.72000122070312,34833000.0,230.1884765625,-0.02666214590552274
305,2021-03-19,232.47000122070312,229.35000610351562,231.02000427246094,230.35000610351562,46430700.0,229.8193359375,-0.001603645110791474
306,2021-03-22,236.89999389648438,230.13999938964844,230.27000427246094,235.99000549316406,30127000.0,235.4463348388672,0.02448444504642322
307,2021-03-23,241.0500030517578,237.07000732421875,237.49000549316406,237.5800018310547,31638400.0,237.0326690673828,0.006737561787068191
308,2021-03-24,238.0,235.32000732421875,237.85000610351562,235.4600067138672,25620100.0,234.9175567626953,-0.008923294468266785
309,2021-03-25,236.94000244140625,231.57000732421875,235.3000030517578,232.33999633789062,34061900.0,231.8047332763672,-0.013250706031616821
310,2021-03-26,236.7100067138672,231.5500030517578,231.5500030517578,236.47999572753906,25479900.0,235.93519592285156,0.017818715727257572
311,2021-03-29,236.8000030517578,231.8800048828125,236.58999633789062,235.24000549316406,25227500.0,234.69805908203125,-0.005243545101362712
312,2021-03-30,233.85000610351562,231.10000610351562,233.52999877929688,231.85000610351562,24792000.0,231.3158721923828,-0.014410800425351256
313,2021-03-31,239.10000610351562,232.38999938964844,232.91000366210938,235.77000427246094,43623500.0,235.22683715820312,0.016907464795877125
314,2021-04-01,242.83999633789062,238.0500030517578,238.47000122070312,242.35000610351562,30338000.0,241.79168701171875,0.027908592118255582
315,2021-04-05,249.9600067138672,242.6999969482422,242.75999450683594,249.07000732421875,36910600.0,248.49620056152344,0.027728470042395426
316,2021-04-06,249.39999389648438,246.8800048828125,247.61000061035156,247.86000061035156,22931900.0,247.2889862060547,-0.00485807973216823
317,2021-04-07,250.92999267578125,247.19000244140625,247.80999755859375,249.89999389648438,22719800.0,249.32427978515625,0.008230425504699435
318,2021-04-08,254.13999938964844,252.0,252.77000427246094,253.25,23625200.0,252.66656494140625,0.013405373753130112
319,2021-04-09,255.99000549316406,252.44000244140625,252.8699951171875,255.85000610351562,24326800.0,255.26058959960938,0.01026659249040196
320,2021-04-12,257.6700134277344,254.6199951171875,254.7100067138672,255.91000366210938,27148700.0,255.32044982910156,0.00023450635127852948
321,2021-04-13,259.19000244140625,256.8299865722656,257.260009765625,258.489990234375,23837500.0,257.8945007324219,0.010081648003688048
322,2021-04-14,258.8299865722656,255.16000366210938,257.4800109863281,255.58999633789062,23070900.0,255.0011749267578,-0.011219028701453526
323,2021-04-15,259.92999267578125,257.7300109863281,257.92999267578125,259.5,25627500.0,258.90216064453125,0.015297912720966478
324,2021-04-16,261.0,257.6000061035156,259.4700012207031,260.739990234375,24878600.0,260.1393127441406,0.004778454133134824
325,2021-04-19,261.4800109863281,257.82000732421875,260.19000244140625,258.739990234375,23209300.0,258.1439208984375,-0.007670474041982622
326,2021-04-20,260.20001220703125,256.8399963378906,257.82000732421875,258.260009765625,19722900.0,257.6650390625,-0.001855096313214788
327,2021-04-21,260.67999267578125,257.25,258.94000244140625,260.5799865722656,24030400.0,259.97967529296875,0.008983121027557495
328,2021-04-22,261.7799987792969,255.63999938964844,260.2099914550781,257.1700134277344,25606200.0,256.5775451660156,-0.013086138841889472
329,2021-04-23,261.510009765625,257.2699890136719,257.8800048828125,261.1499938964844,21462600.0,260.5483703613281,0.015476121235563411
330,2021-04-26,262.44000244140625,260.1700134277344,261.6600036621094,261.54998779296875,19763300.0,260.94744873046875,0.0015316862991205937
331,2021-04-27,263.19000244140625,260.1199951171875,261.5799865722656,261.9700012207031,31014200.0,261.3664855957031,0.0016058285577154052
332,2021-04-28,256.5400085449219,252.9499969482422,256.0799865722656,254.55999755859375,46903100.0,253.97354125976562,-0.028285739539587906
333,2021-04-29,256.1000061035156,249.0,255.4600067138672,252.50999450683594,40589000.0,251.9282684326172,-0.008053094101863612
334,2021-04-30,253.0800018310547,249.60000610351562,249.74000549316406,252.17999267578125,30929200.0,251.59902954101562,-0.001306875539017316
335,2021-05-03,254.35000610351562,251.1199951171875,253.39999389648438,251.86000061035156,19626600.0,251.27976989746094,-0.001268922396628902
336,2021-05-04,251.2100067138672,245.75999450683594,250.97000122070312,247.7899932861328,32756100.0,247.21914672851562,-0.016159769529406676
337,2021-05-05,249.5,245.82000732421875,249.05999755859375,246.47000122070312,21901300.0,245.90219116210938,-0.005327077549751702
338,2021-05-06,249.86000061035156,244.69000244140625,246.4499969482422,249.72999572753906,26491100.0,249.15467834472656,0.013226751527695813
339,2021-05-07,254.3000030517578,251.1699981689453,252.14999389648438,252.4600067138672,27010100.0,251.87838745117188,0.010931799974780443
340,2021-05-10,251.72999572753906,247.1199951171875,250.8699951171875,247.17999267578125,29299900.0,246.6105499267578,-0.02091421013815753
341,2021-05-11,246.60000610351562,242.57000732421875,244.5500030517578,246.22999572753906,33641600.0,245.66273498535156,-0.0038433673729195705
342,2021-05-12,244.3800048828125,238.07000732421875,242.1699981689453,239.0,36684400.0,238.44940185546875,-0.029362748608627753
343,2021-05-13,245.60000610351562,241.4199981689453,241.8000030517578,243.02999877929688,29624300.0,242.47010803222656,0.016861884095624058
344,2021-05-14,249.17999267578125,245.49000549316406,245.5800018310547,248.14999389648438,23868600.0,247.57830810546875,0.02106733945350192
345,2021-05-17,246.58999633789062,243.52000427246094,246.5500030517578,245.17999267578125,24970200.0,244.6151580810547,-0.01196853652926555
346,2021-05-18,246.41000366210938,242.89999389648438,246.27000427246094,243.0800018310547,20168000.0,242.52000427246094,-0.008565102118076817
347,2021-05-19,243.22999572753906,238.60000610351562,239.30999755859375,243.1199951171875,25739800.0,243.1199951171875,0.00247398496683382
348,2021-05-20,247.9499969482422,243.86000061035156,243.9600067138672,246.47999572753906,21800700.0,246.47999572753906,0.013820338424784806
349,2021-05-21,248.3300018310547,244.74000549316406,247.57000732421875,245.1699981689453,21863100.0,245.1699981689453,-0.00531482303351638
350,2021-05-24,251.16000366210938,247.50999450683594,247.7899932861328,250.77999877929688,21411500.0,250.77999877929688,0.0228820844811759
351,2021-05-25,252.75,250.82000732421875,251.77000427246094,251.72000122070312,17704300.0,251.72000122070312,0.0037483150409993726
352,2021-05-26,252.94000244140625,250.75,251.42999267578125,251.49000549316406,17771600.0,251.49000549316406,-0.0009136966725874496
353,2021-05-27,251.47999572753906,249.25,251.1699981689453,249.30999755859375,24426200.0,249.30999755859375,-0.008668368074092547
354,2021-05-28,252.0800018310547,249.55999755859375,251.0,249.67999267578125,18270200.0,249.67999267578125,0.0014840765344781293
355,2021-06-01,251.2899932861328,246.9600067138672,251.22999572753906,247.39999389648438,23213300.0,247.39999389648438,-0.009131683940160729
356,2021-06-02,249.27000427246094,245.83999633789062,248.1300048828125,247.3000030517578,19406700.0,247.3000030517578,-0.00040416672268961396
357,2021-06-03,246.33999633789062,243.0,245.22000122070312,245.7100067138672,25307700.0,245.7100067138672,-0.00642942304193117
358,2021-06-04,251.64999389648438,247.50999450683594,247.75999450683594,250.7899932861328,25275000.0,250.7899932861328,0.02067472399763237
359,2021-06-07,254.08999633789062,249.80999755859375,249.97999572753906,253.80999755859375,23079200.0,253.80999755859375,0.012041964804454297
360,2021-06-08,256.010009765625,252.50999450683594,255.16000366210938,252.57000732421875,22455000.0,252.57000732421875,-0.004885505875664831
361,2021-06-09,255.52999877929688,253.2100067138672,253.80999755859375,253.58999633789062,17937600.0,253.58999633789062,0.004038440765306461
362,2021-06-10,257.4599914550781,253.6699981689453,254.2899932861328,257.239990234375,24563600.0,257.239990234375,0.014393288178532915
363,2021-06-11,258.489990234375,256.6099853515625,257.989990234375,257.8900146484375,18995100.0,257.8900146484375,0.0025269182037763738
